{
  "LockedData": {
    "header": "Hej!",
    "body": "Prenumerera för att låsa upp alla bokstäver och siffror",
    "footer": "PreSchool_Shop_Outro"
  },
  "Title": "Dags att lära",
  "LangCode": "sv",
  "MascotName": "Duck",
  "Subjects": [
    "ABC",
    "123"
  ],
  "balloonClicked": true,
  "GameData": [
    {
      "Subject": "preschool",
      "SubSubject": "ABC",
      "LastSubmitted": "u",
      "Played": {
        "a": {
          "count": 4,
          "locked": false,
          "letterObjClip": "Letter_image_A",
          "phoneticClip": "Letter_Phonic_A",
          "mainAudioClip": "A Speech",
          "imageName": "Monkey",
          "objectName": "apa"
        },
        "b": {
          "count": 4,
          "locked": false,
          "letterObjClip": "Letter_image_B",
          "phoneticClip": "Letter_Phonic_B",
          "mainAudioClip": "B Speech",
          "imageName": "Bear",
          "objectName": "björn"
        },
        "c": {
          "count": 0,
          "locked": true,
          "letterObjClip": "Letter_image_C",
          "phoneticClip": "Letter_Phonic_C",
          "mainAudioClip": "C Speech",
          "imageName": "Lemon",
          "objectName": "citron"
        },
        "d": {
          "count": 3,
          "locked": false,
          "letterObjClip": "Letter_image_D",
          "phoneticClip": "Letter_Phonic_D",
          "mainAudioClip": "D Speech",
          "imageName": "Dolphin",
          "objectName": "delfin"
        },
        "e": {
          "count": 4,
          "locked": false,
          "letterObjClip": "Letter_image_E",
          "phoneticClip": "Letter_Phonic_E",
          "mainAudioClip": "E Speech",
          "imageName": "Elephant",
          "objectName": "elefant"
        },
        "f": {
          "count": 3,
          "locked": false,
          "letterObjClip": "Letter_image_F",
          "phoneticClip": "Letter_Phonic_F",
          "mainAudioClip": "F Speech",
          "imageName": "Flag",
          "objectName": "fana"
        },
        "g": {
          "count": 2,
          "locked": false,
          "letterObjClip": "Letter_image_G",
          "phoneticClip": "Letter_Phonic_G",
          "mainAudioClip": "G Speech",
          "imageName": "Pig",
          "objectName": "gris"
        },
        "h": {
          "count": 3,
          "locked": false,
          "letterObjClip": "Letter_image_H",
          "phoneticClip": "Letter_Phonic_H",
          "mainAudioClip": "H Speech",
          "imageName": "Dog",
          "objectName": "hund"
        },
        "i": {
          "count": 2,
          "locked": false,
          "letterObjClip": "Letter_image_I",
          "phoneticClip": "Letter_Phonic_I",
          "mainAudioClip": "I Speech",
          "imageName": "Polar_Bear",
          "objectName": "isbjörn"
        },
        "j": {
          "count": 3,
          "locked": false,
          "letterObjClip": "Letter_image_J",
          "phoneticClip": "Letter_Phonic_J",
          "mainAudioClip": "J Speech",
          "imageName": "Strawberry",
          "objectName": "jordgubbar"
        },
        "k": {
          "count": 2,
          "locked": false,
          "letterObjClip": "Letter_image_K",
          "phoneticClip": "Letter_Phonic_K",
          "mainAudioClip": "K Speech",
          "imageName": "Kangaroo",
          "objectName": "känguru"
        },
        "l": {
          "count": 2,
          "locked": false,
          "letterObjClip": "Letter_image_L",
          "phoneticClip": "Letter_Phonic_L",
          "mainAudioClip": "L Speech",
          "imageName": "Lion",
          "objectName": "lejon"
        },
        "m": {
          "count": 3,
          "locked": false,
          "letterObjClip": "Letter_image_M",
          "phoneticClip": "Letter_Phonic_M",
          "mainAudioClip": "M Speech",
          "imageName": "Moon",
          "objectName": "månen"
        },
        "n": {
          "count": 2,
          "locked": false,
          "letterObjClip": "Letter_image_N",
          "phoneticClip": "Letter_Phonic_N",
          "mainAudioClip": "N Speech",
          "imageName": "Nut",
          "objectName": "nöt"
        },
        "o": {
          "count": 3,
          "locked": false,
          "letterObjClip": "Letter_image_O",
          "phoneticClip": "Letter_Phonic_O",
          "mainAudioClip": "O Speech",
          "imageName": "Olive",
          "objectName": "olive"
        },
        "p": {
          "count": 2,
          "locked": false,
          "letterObjClip": "Letter_image_P",
          "phoneticClip": "Letter_Phonic_P",
          "mainAudioClip": "P Speech",
          "imageName": "Parrot",
          "objectName": "papegoja"
        },
        "q": {
          "count": 2,
          "locked": false,
          "letterObjClip": "Letter_image_Q",
          "phoneticClip": "Letter_Phonic_Q",
          "mainAudioClip": "Q Speech",
          "imageName": "Quiz",
          "objectName": "quiz"
        },
        "r": {
          "count": 2,
          "locked": false,
          "letterObjClip": "Letter_image_R",
          "phoneticClip": "Letter_Phonic_R",
          "mainAudioClip": "R Speech",
          "imageName": "Rainbow",
          "objectName": "regnbåge"
        },
        "s": {
          "count": 2,
          "locked": false,
          "letterObjClip": "Letter_image_S",
          "phoneticClip": "Letter_Phonic_S",
          "mainAudioClip": "S Speech",
          "imageName": "Sun",
          "objectName": "sol"
        },
        "special_a_dot": {
          "count": 2,
          "locked": false,
          "letterObjClip": "Letter_image_special_a_dot",
          "phoneticClip": "Letter_Phonic_special_a_dot",
          "mainAudioClip": "special_a_dot Speech",
          "imageName": "Eel",
          "objectName": "ål"
        },
        "special_a_dots": {
          "count": 2,
          "locked": false,
          "letterObjClip": "Letter_image_special_a_dots",
          "phoneticClip": "Letter_Phonic_special_a_dots",
          "mainAudioClip": "special_a_dots Speech",
          "imageName": "Peas",
          "objectName": "ärta"
        },
        "special_o_dots": {
          "count": 2,
          "locked": false,
          "letterObjClip": "Letter_image_special_o_dots",
          "phoneticClip": "Letter_Phonic_special_o_dots",
          "mainAudioClip": "special_o_dots Speech",
          "imageName": "Lizard",
          "objectName": "ödlor"
        },
        "t": {
          "count": 2,
          "locked": false,
          "letterObjClip": "Letter_image_T",
          "phoneticClip": "Letter_Phonic_T",
          "mainAudioClip": "T Speech",
          "imageName": "Tomato",
          "objectName": "tomat"
        },
        "u": {
          "count": 3,
          "locked": false,
          "letterObjClip": "Letter_image_U",
          "phoneticClip": "Letter_Phonic_U",
          "mainAudioClip": "U Speech",
          "imageName": "Owl",
          "objectName": "uggla"
        },
        "v": {
          "count": 2,
          "locked": false,
          "letterObjClip": "Letter_image_V",
          "phoneticClip": "Letter_Phonic_V",
          "mainAudioClip": "V Speech",
          "imageName": "Violin",
          "objectName": "violin"
        },
        "w": {
          "count": 3,
          "locked": false,
          "letterObjClip": "Letter_image_W",
          "phoneticClip": "Letter_Phonic_W",
          "mainAudioClip": "W Speech",
          "imageName": "Wigwam",
          "objectName": "w igwam"
        },
        "x": {
          "count": 2,
          "locked": false,
          "letterObjClip": "Letter_image_X",
          "phoneticClip": "Letter_Phonic_X",
          "mainAudioClip": "X Speech",
          "imageName": "Xylophone",
          "objectName": "xylofon"
        },
        "y": {
          "count": 2,
          "locked": false,
          "letterObjClip": "Letter_image_Y",
          "phoneticClip": "Letter_Phonic_Y",
          "mainAudioClip": "Y Speech",
          "imageName": "Yoyo",
          "objectName": "yoyo"
        },
        "z": {
          "count": 2,
          "locked": false,
          "letterObjClip": "Letter_image_Z",
          "phoneticClip": "Letter_Phonic_Z",
          "mainAudioClip": "Z Speech",
          "imageName": "Zebra",
          "objectName": "zebra"
        }
      }
    },
    {
      "Subject": "preschool",
      "SubSubject": "123",
      "LastSubmitted": "20",
      "Played": {
        "1": {
          "count": 1,
          "locked": false,
          "mainAudioClip": "Number_count_last_01"
        },
        "2": {
          "count": 2,
          "locked": false,
          "mainAudioClip": "Number_count_last_02"
        },
        "3": {
          "count": 1,
          "locked": false,
          "mainAudioClip": "Number_count_last_03"
        },
        "4": {
          "count": 1,
          "locked": false,
          "mainAudioClip": "Number_count_last_04"
        },
        "5": {
          "count": 1,
          "locked": false,
          "mainAudioClip": "Number_count_last_05"
        },
        "6": {
          "count": 1,
          "locked": false,
          "mainAudioClip": "Number_count_last_06"
        },
        "7": {
          "count": 1,
          "locked": false,
          "mainAudioClip": "Number_count_last_07"
        },
        "8": {
          "count": 1,
          "locked": false,
          "mainAudioClip": "Number_count_last_08"
        },
        "9": {
          "count": 1,
          "locked": false,
          "mainAudioClip": "Number_count_last_09"
        },
        "10": {
          "count": 1,
          "locked": false,
          "mainAudioClip": "Number_count_last_10"
        },
        "11": {
          "count": 1,
          "locked": false,
          "mainAudioClip": "Number_count_last_11"
        },
        "12": {
          "count": 1,
          "locked": false,
          "mainAudioClip": "Number_count_last_12"
        },
        "13": {
          "count": 1,
          "locked": false,
          "mainAudioClip": "Number_count_last_13"
        },
        "14": {
          "count": 1,
          "locked": false,
          "mainAudioClip": "Number_count_last_14"
        },
        "15": {
          "count": 1,
          "locked": false,
          "mainAudioClip": "Number_count_last_15"
        },
        "16": {
          "count": 1,
          "locked": false,
          "mainAudioClip": "Number_count_last_16"
        },
        "17": {
          "count": 1,
          "locked": false,
          "mainAudioClip": "Number_count_last_17"
        },
        "18": {
          "count": 1,
          "locked": false,
          "mainAudioClip": "Number_count_last_18"
        },
        "19": {
          "count": 1,
          "locked": false,
          "mainAudioClip": "Number_count_last_19"
        },
        "20": {
          "count": 4,
          "locked": false,
          "mainAudioClip": "Number_count_last_20"
        }
      }
    }
  ]
}