{
  "LockedData": {
    "header": "Hello!",
    "body": "Subscribe to unlock all the letters and numbers",
    "footer": "OK"
  },
  "Title": "It's learning time",
  "LangCode": "en_au",
  "MascotName": "Duck",
  "Subjects": [
    "ABC",
    "123"
  ],
  "balloonClicked": true,
  "GameData": [
    {
      "Subject": "preschool",
      "SubSubject": "ABC",
      "LastSubmitted": "b",
      "Played": {
        "a": {
          "count": 1,
          "locked": false,
          "letterObjClip": "Letter_image_A",
          "phoneticClip": "Letter_Phonic_A",
          "mainAudioClip": "A Speech",
          "imageName": "Apple",
          "objectName": "apple"
        },
        "b": {
          "count": 3,
          "locked": false,
          "letterObjClip": "Letter_image_B",
          "phoneticClip": "Letter_Phonic_B",
          "mainAudioClip": "B Speech",
          "imageName": "Banana",
          "objectName": "banana"
        },
        "c": {
          "count": 1,
          "locked": false,
          "letterObjClip": "Letter_image_C",
          "phoneticClip": "Letter_Phonic_C",
          "mainAudioClip": "C Speech",
          "imageName": "Cat",
          "objectName": "cat"
        },
        "d": {
          "count": 1,
          "locked": false,
          "letterObjClip": "Letter_image_D",
          "phoneticClip": "Letter_Phonic_D",
          "mainAudioClip": "D Speech",
          "imageName": "Dog",
          "objectName": "dog"
        },
        "e": {
          "count": 2,
          "locked": false,
          "letterObjClip": "Letter_image_E",
          "phoneticClip": "Letter_Phonic_E",
          "mainAudioClip": "E Speech",
          "imageName": "Egg",
          "objectName": "egg"
        },
        "f": {
          "count": 1,
          "locked": false,
          "letterObjClip": "Letter_image_F",
          "phoneticClip": "Letter_Phonic_F",
          "mainAudioClip": "F Speech",
          "imageName": "Fish",
          "objectName": "fish"
        },
        "g": {
          "count": 1,
          "locked": false,
          "letterObjClip": "Letter_image_G",
          "phoneticClip": "Letter_Phonic_G",
          "mainAudioClip": "G Speech",
          "imageName": "Glasses",
          "objectName": "glasses"
        },
        "h": {
          "count": 1,
          "locked": false,
          "letterObjClip": "Letter_image_H",
          "phoneticClip": "Letter_Phonic_H",
          "mainAudioClip": "H Speech",
          "imageName": "Heart",
          "objectName": "heart"
        },
        "i": {
          "count": 2,
          "locked": false,
          "letterObjClip": "Letter_image_I",
          "phoneticClip": "Letter_Phonic_I",
          "mainAudioClip": "I Speech",
          "imageName": "Icecream",
          "objectName": "ice cream"
        },
        "j": {
          "count": 1,
          "locked": false,
          "letterObjClip": "Letter_image_J",
          "phoneticClip": "Letter_Phonic_J",
          "mainAudioClip": "J Speech",
          "imageName": "Jam",
          "objectName": "jam"
        },
        "k": {
          "count": 1,
          "locked": false,
          "letterObjClip": "Letter_image_K",
          "phoneticClip": "Letter_Phonic_K",
          "mainAudioClip": "K Speech",
          "imageName": "Key",
          "objectName": "key"
        },
        "l": {
          "count": 1,
          "locked": false,
          "letterObjClip": "Letter_image_L",
          "phoneticClip": "Letter_Phonic_L",
          "mainAudioClip": "L Speech",
          "imageName": "Lemon",
          "objectName": "lemon"
        },
        "m": {
          "count": 1,
          "locked": false,
          "letterObjClip": "Letter_image_M",
          "phoneticClip": "Letter_Phonic_M",
          "mainAudioClip": "M Speech",
          "imageName": "Moon",
          "objectName": "moon"
        },
        "n": {
          "count": 1,
          "locked": false,
          "letterObjClip": "Letter_image_N",
          "phoneticClip": "Letter_Phonic_N",
          "mainAudioClip": "N Speech",
          "imageName": "Nut",
          "objectName": "nut"
        },
        "o": {
          "count": 3,
          "locked": false,
          "letterObjClip": "Letter_image_O",
          "phoneticClip": "Letter_Phonic_O",
          "mainAudioClip": "O Speech",
          "imageName": "Orange",
          "objectName": "orange"
        },
        "p": {
          "count": 1,
          "locked": false,
          "letterObjClip": "Letter_image_P",
          "phoneticClip": "Letter_Phonic_P",
          "mainAudioClip": "P Speech",
          "imageName": "Pumpkin",
          "objectName": "pumpkin"
        },
        "q": {
          "count": 1,
          "locked": false,
          "letterObjClip": "Letter_image_Q",
          "phoneticClip": "Letter_Phonic_Q",
          "mainAudioClip": "Q Speech",
          "imageName": "Queen",
          "objectName": "queen"
        },
        "r": {
          "count": 1,
          "locked": false,
          "letterObjClip": "Letter_image_R",
          "phoneticClip": "Letter_Phonic_R",
          "mainAudioClip": "R Speech",
          "imageName": "Rainbow",
          "objectName": "rainbow"
        },
        "s": {
          "count": 1,
          "locked": false,
          "letterObjClip": "Letter_image_S",
          "phoneticClip": "Letter_Phonic_S",
          "mainAudioClip": "S Speech",
          "imageName": "Snail",
          "objectName": "snail"
        },
        "t": {
          "count": 1,
          "locked": false,
          "letterObjClip": "Letter_image_T",
          "phoneticClip": "Letter_Phonic_T",
          "mainAudioClip": "T Speech",
          "imageName": "Tomato",
          "objectName": "tomato"
        },
        "u": {
          "count": 2,
          "locked": false,
          "letterObjClip": "Letter_image_U",
          "phoneticClip": "Letter_Phonic_U",
          "mainAudioClip": "U Speech",
          "imageName": "Umbrella",
          "objectName": "umbrella"
        },
        "v": {
          "count": 1,
          "locked": false,
          "letterObjClip": "Letter_image_V",
          "phoneticClip": "Letter_Phonic_V",
          "mainAudioClip": "V Speech",
          "imageName": "Vase",
          "objectName": "vase"
        },
        "w": {
          "count": 1,
          "locked": false,
          "letterObjClip": "Letter_image_W",
          "phoneticClip": "Letter_Phonic_W",
          "mainAudioClip": "W Speech",
          "imageName": "Watermelon",
          "objectName": "watermelon"
        },
        "x": {
          "count": 1,
          "locked": false,
          "letterObjClip": "Letter_image_X",
          "phoneticClip": "Letter_Phonic_X",
          "mainAudioClip": "X Speech",
          "imageName": "Xylophone",
          "objectName": "xylophone"
        },
        "y": {
          "count": 1,
          "locked": false,
          "letterObjClip": "Letter_image_Y",
          "phoneticClip": "Letter_Phonic_Y",
          "mainAudioClip": "Y Speech",
          "imageName": "Yellow",
          "objectName": "yellow"
        },
        "z": {
          "count": 1,
          "locked": false,
          "letterObjClip": "Letter_image_Z",
          "phoneticClip": "Letter_Phonic_Z",
          "mainAudioClip": "Z Speech",
          "imageName": "Zebra",
          "objectName": "zebra"
        }
      }
    },
    {
      "Subject": "preschool",
      "SubSubject": "123",
      "LastSubmitted": "5",
      "Played": {
        "1": {
          "count": 1,
          "locked": false,
          "mainAudioClip": "Number_count_last_01"
        },
        "2": {
          "count": 1,
          "locked": false,
          "mainAudioClip": "Number_count_last_02"
        },
        "3": {
          "count": 1,
          "locked": false,
          "mainAudioClip": "Number_count_last_03"
        },
        "4": {
          "count": 1,
          "locked": false,
          "mainAudioClip": "Number_count_last_04"
        },
        "5": {
          "count": 1,
          "locked": false,
          "mainAudioClip": "Number_count_last_05"
        },
        "6": {
          "count": 0,
          "locked": false,
          "mainAudioClip": "Number_count_last_06"
        },
        "7": {
          "count": 0,
          "locked": false,
          "mainAudioClip": "Number_count_last_07"
        },
        "8": {
          "count": 0,
          "locked": false,
          "mainAudioClip": "Number_count_last_08"
        },
        "9": {
          "count": 0,
          "locked": false,
          "mainAudioClip": "Number_count_last_09"
        },
        "10": {
          "count": 1,
          "locked": false,
          "mainAudioClip": "Number_count_last_10"
        },
        "11": {
          "count": 0,
          "locked": false,
          "mainAudioClip": "Number_count_last_11"
        },
        "12": {
          "count": 0,
          "locked": false,
          "mainAudioClip": "Number_count_last_12"
        },
        "13": {
          "count": 0,
          "locked": false,
          "mainAudioClip": "Number_count_last_13"
        },
        "14": {
          "count": 0,
          "locked": false,
          "mainAudioClip": "Number_count_last_14"
        },
        "15": {
          "count": 1,
          "locked": false,
          "mainAudioClip": "Number_count_last_15"
        },
        "16": {
          "count": 0,
          "locked": false,
          "mainAudioClip": "Number_count_last_16"
        },
        "17": {
          "count": 0,
          "locked": false,
          "mainAudioClip": "Number_count_last_17"
        },
        "18": {
          "count": 0,
          "locked": false,
          "mainAudioClip": "Number_count_last_18"
        },
        "19": {
          "count": 0,
          "locked": false,
          "mainAudioClip": "Number_count_last_19"
        },
        "20": {
          "count": 1,
          "locked": false,
          "mainAudioClip": "Number_count_last_20"
        }
      }
    }
  ]
}