{
   "LockedData":{
      "header":"Hej!",
      "body":"Abonner for at låse op for bogstaver og tal",
      "footer":"PreSchool_Shop_Outro"
   },
   "Title":"Det er læretid!",
   "LangCode":"da",
   "MascotName":"Duck",
   "Subjects":[
      "ABC",
      "123"
   ],
   "balloonClicked":true,
   "GameData":[
      {
         "Subject":"preschool",
         "SubSubject":"ABC",
         "LastSubmitted":"",
         "Played":{
            "a":{
               "count":0,
               "locked":false,
               "letterObjClip":"Letter_image_A",
               "phoneticClip":"Letter_Phonic_A",
               "mainAudioClip":"A Speech",
               "imageName":"Monkey",
               "objectName":"abe"
            },
            "b":{
               "count":0,
               "locked":false,
               "letterObjClip":"Letter_image_B",
               "phoneticClip":"Letter_Phonic_B",
               "mainAudioClip":"B Speech",
               "imageName":"Bear",
               "objectName":"bjørn"
            },
            "c":{
               "count":0,
               "locked":true,
               "letterObjClip":"Letter_image_C",
               "phoneticClip":"Letter_Phonic_C",
               "mainAudioClip":"C Speech",
               "imageName":"Lemon",
               "objectName":"citron"
            },
            "d":{
               "count":0,
               "locked":true,
               "letterObjClip":"Letter_image_D",
               "phoneticClip":"Letter_Phonic_D",
               "mainAudioClip":"D Speech",
               "imageName":"Dolphin",
               "objectName":"delfin"
            },
            "e":{
               "count":0,
               "locked":true,
               "letterObjClip":"Letter_image_E",
               "phoneticClip":"Letter_Phonic_E",
               "mainAudioClip":"E Speech",
               "imageName":"Elephant",
               "objectName":"elefant"
            },
            "f":{
               "count":0,
               "locked":true,
               "letterObjClip":"Letter_image_F",
               "phoneticClip":"Letter_Phonic_F",
               "mainAudioClip":"F Speech",
               "imageName":"Frog",
               "objectName":"frø"
            },
            "g":{
               "count":0,
               "locked":true,
               "letterObjClip":"Letter_image_G",
               "phoneticClip":"Letter_Phonic_G",
               "mainAudioClip":"G Speech",
               "imageName":"Pig",
               "objectName":"gris"
            },
            "h":{
               "count":0,
               "locked":true,
               "letterObjClip":"Letter_image_H",
               "phoneticClip":"Letter_Phonic_H",
               "mainAudioClip":"H Speech",
               "imageName":"Dog",
               "objectName":"hund"
            },
            "i":{
               "count":0,
               "locked":true,
               "letterObjClip":"Letter_image_I",
               "phoneticClip":"Letter_Phonic_I",
               "mainAudioClip":"I Speech",
               "imageName":"Polar_Bear",
               "objectName":"isbjørn"
            },
            "j":{
               "count":0,
               "locked":true,
               "letterObjClip":"Letter_image_J",
               "phoneticClip":"Letter_Phonic_J",
               "mainAudioClip":"J Speech",
               "imageName":"Strawberry",
               "objectName":"jordbær"
            },
            "k":{
               "count":0,
               "locked":true,
               "letterObjClip":"Letter_image_K",
               "phoneticClip":"Letter_Phonic_K",
               "mainAudioClip":"K Speech",
               "imageName":"Kangaroo",
               "objectName":"kænguru"
            },
            "l":{
               "count":0,
               "locked":true,
               "letterObjClip":"Letter_image_L",
               "phoneticClip":"Letter_Phonic_L",
               "mainAudioClip":"L Speech",
               "imageName":"Lion",
               "objectName":"løve"
            },
            "m":{
               "count":0,
               "locked":true,
               "letterObjClip":"Letter_image_M",
               "phoneticClip":"Letter_Phonic_M",
               "mainAudioClip":"M Speech",
               "imageName":"Moon",
               "objectName":"måne"
            },
            "n":{
               "count":0,
               "locked":true,
               "letterObjClip":"Letter_image_N",
               "phoneticClip":"Letter_Phonic_N",
               "mainAudioClip":"N Speech",
               "imageName":"Nut",
               "objectName":"nød"
            },
            "o":{
               "count":0,
               "locked":true,
               "letterObjClip":"Letter_image_O",
               "phoneticClip":"Letter_Phonic_O",
               "mainAudioClip":"O Speech",
               "imageName":"Olive",
               "objectName":"oliven"
            },
            "p":{
               "count":0,
               "locked":true,
               "letterObjClip":"Letter_image_P",
               "phoneticClip":"Letter_Phonic_P",
               "mainAudioClip":"P Speech",
               "imageName":"Parrot",
               "objectName":"papegøje"
            },
            "q":{
               "count":0,
               "locked":true,
               "letterObjClip":"Letter_image_Q",
               "phoneticClip":"Letter_Phonic_Q",
               "mainAudioClip":"Q Speech",
               "imageName":"Quiz",
               "objectName":"quiz"
            },
            "r":{
               "count":0,
               "locked":true,
               "letterObjClip":"Letter_image_R",
               "phoneticClip":"Letter_Phonic_R",
               "mainAudioClip":"R Speech",
               "imageName":"Rainbow",
               "objectName":"regnbue"
            },
            "s":{
               "count":0,
               "locked":true,
               "letterObjClip":"Letter_image_S",
               "phoneticClip":"Letter_Phonic_S",
               "mainAudioClip":"S Speech",
               "imageName":"Sun",
               "objectName":"sol"
            },
            "special_a_dot":{
               "count":0,
               "locked":true,
               "letterObjClip":"Letter_image_special_a_dot",
               "phoneticClip":"Letter_Phonic_special_a_dot",
               "mainAudioClip":"special_a_dot Speech",
               "imageName":"Eel",
               "objectName":"ål"
            },
            "special_ae":{
               "count":0,
               "locked":true,
               "letterObjClip":"Letter_image_special_ae",
               "phoneticClip":"Letter_Phonic_special_ae",
               "mainAudioClip":"special_ae Speech",
               "imageName":"Apple",
               "objectName":"æ ble"
            },
            "special_o":{
               "count":0,
               "locked":true,
               "letterObjClip":"Letter_image_special_o",
               "phoneticClip":"Letter_Phonic_special_o",
               "mainAudioClip":"special_o Speech",
               "imageName":"Eyes",
               "objectName":"øje"
            },
            "t":{
               "count":0,
               "locked":true,
               "letterObjClip":"Letter_image_T",
               "phoneticClip":"Letter_Phonic_T",
               "mainAudioClip":"T Speech",
               "imageName":"Tomato",
               "objectName":"tomat"
            },
            "u":{
               "count":0,
               "locked":true,
               "letterObjClip":"Letter_image_U",
               "phoneticClip":"Letter_Phonic_U",
               "mainAudioClip":"U Speech",
               "imageName":"Owl",
               "objectName":"ugle"
            },
            "v":{
               "count":0,
               "locked":true,
               "letterObjClip":"Letter_image_V",
               "phoneticClip":"Letter_Phonic_V",
               "mainAudioClip":"V Speech",
               "imageName":"Violin",
               "objectName":"violin"
            },
            "w":{
               "count":0,
               "locked":true,
               "letterObjClip":"Letter_image_W",
               "phoneticClip":"Letter_Phonic_W",
               "mainAudioClip":"W Speech",
               "imageName":"Wigwam",
               "objectName":"w igwam"
            },
            "x":{
               "count":0,
               "locked":true,
               "letterObjClip":"Letter_image_X",
               "phoneticClip":"Letter_Phonic_X",
               "mainAudioClip":"X Speech",
               "imageName":"Xylophone",
               "objectName":"xylofon"
            },
            "y":{
               "count":0,
               "locked":true,
               "letterObjClip":"Letter_image_Y",
               "phoneticClip":"Letter_Phonic_Y",
               "mainAudioClip":"Y Speech",
               "imageName":"Yoyo",
               "objectName":"yoyo"
            },
            "z":{
               "count":0,
               "locked":true,
               "letterObjClip":"Letter_image_Z",
               "phoneticClip":"Letter_Phonic_Z",
               "mainAudioClip":"Z Speech",
               "imageName":"Zebra",
               "objectName":"zebra"
            }
         }
      },
      {
         "Subject":"preschool",
         "SubSubject":"123",
         "LastSubmitted":"",
         "Played":{
            "1":{
               "count":0,
               "locked":false,
               "mainAudioClip":"Number_count_last_01"
            },
            "10":{
               "count":0,
               "locked":true,
               "mainAudioClip":"Number_count_last_10"
            },
            "11":{
               "count":0,
               "locked":true,
               "mainAudioClip":"Number_count_last_11"
            },
            "12":{
               "count":0,
               "locked":true,
               "mainAudioClip":"Number_count_last_12"
            },
            "13":{
               "count":0,
               "locked":true,
               "mainAudioClip":"Number_count_last_13"
            },
            "14":{
               "count":0,
               "locked":true,
               "mainAudioClip":"Number_count_last_14"
            },
            "15":{
               "count":0,
               "locked":true,
               "mainAudioClip":"Number_count_last_15"
            },
            "16":{
               "count":0,
               "locked":true,
               "mainAudioClip":"Number_count_last_16"
            },
            "17":{
               "count":0,
               "locked":true,
               "mainAudioClip":"Number_count_last_17"
            },
            "18":{
               "count":0,
               "locked":true,
               "mainAudioClip":"Number_count_last_18"
            },
            "19":{
               "count":0,
               "locked":true,
               "mainAudioClip":"Number_count_last_19"
            },
            "2":{
               "count":0,
               "locked":false,
               "mainAudioClip":"Number_count_last_02"
            },
            "20":{
               "count":0,
               "locked":true,
               "mainAudioClip":"Number_count_last_20"
            },
            "3":{
               "count":0,
               "locked":true,
               "mainAudioClip":"Number_count_last_03"
            },
            "4":{
               "count":0,
               "locked":true,
               "mainAudioClip":"Number_count_last_04"
            },
            "5":{
               "count":0,
               "locked":true,
               "mainAudioClip":"Number_count_last_05"
            },
            "6":{
               "count":0,
               "locked":true,
               "mainAudioClip":"Number_count_last_06"
            },
            "7":{
               "count":0,
               "locked":true,
               "mainAudioClip":"Number_count_last_07"
            },
            "8":{
               "count":0,
               "locked":true,
               "mainAudioClip":"Number_count_last_08"
            },
            "9":{
               "count":0,
               "locked":true,
               "mainAudioClip":"Number_count_last_09"
            }
         }
      }
   ]
}