{
  "LockedData": {
    "header": "¡Hola!",
    "body": "Suscríbete para desbloquear todas las letras y números",
    "footer": "PreSchool_Shop_Outro"
  },
  "Title": "A aprender se ha dicho",
  "LangCode": "es",
  "MascotName": "Duck",
  "Subjects": [
    "ABC",
    "123"
  ],
  "balloonClicked": true,
  "GameData": [
    {
      "Subject": "preschool",
      "SubSubject": "ABC",
      "LastSubmitted": "w",
      "Played": {
        "a": {
          "count": 5,
          "locked": false,
          "letterObjClip": "Letter_image_A",
          "phoneticClip": "Letter_Phonic_A",
          "mainAudioClip": "A Speech",
          "imageName": "Airplane",
          "objectName": "avión"
        },
        "b": {
          "count": 4,
          "locked": false,
          "letterObjClip": "Letter_image_B",
          "phoneticClip": "Letter_Phonic_B",
          "mainAudioClip": "B Speech",
          "imageName": "Baby",
          "objectName": "bebé"
        },
        "c": {
          "count": 3,
          "locked": false,
          "letterObjClip": "Letter_image_C",
          "phoneticClip": "Letter_Phonic_C",
          "mainAudioClip": "C Speech",
          "imageName": "Home1",
          "objectName": "casa"
        },
        "d": {
          "count": 3,
          "locked": false,
          "letterObjClip": "Letter_image_D",
          "phoneticClip": "Letter_Phonic_D",
          "mainAudioClip": "D Speech",
          "imageName": "Dolphin",
          "objectName": "delfín"
        },
        "e": {
          "count": 4,
          "locked": false,
          "letterObjClip": "Letter_image_E",
          "phoneticClip": "Letter_Phonic_E",
          "mainAudioClip": "E Speech",
          "imageName": "Elephant",
          "objectName": "elefante"
        },
        "f": {
          "count": 3,
          "locked": false,
          "letterObjClip": "Letter_image_F",
          "phoneticClip": "Letter_Phonic_F",
          "mainAudioClip": "F Speech",
          "imageName": "Strawberry",
          "objectName": "fresa"
        },
        "g": {
          "count": 2,
          "locked": false,
          "letterObjClip": "Letter_image_G",
          "phoneticClip": "Letter_Phonic_G",
          "mainAudioClip": "G Speech",
          "imageName": "Cat",
          "objectName": "gato"
        },
        "h": {
          "count": 4,
          "locked": false,
          "letterObjClip": "Letter_image_H",
          "phoneticClip": "Letter_Phonic_H",
          "mainAudioClip": "H Speech",
          "imageName": "Fairy",
          "objectName": "hada"
        },
        "i": {
          "count": 2,
          "locked": false,
          "letterObjClip": "Letter_image_I",
          "phoneticClip": "Letter_Phonic_I",
          "mainAudioClip": "I Speech",
          "imageName": "Island",
          "objectName": "isla"
        },
        "j": {
          "count": 2,
          "locked": false,
          "letterObjClip": "Letter_image_J",
          "phoneticClip": "Letter_Phonic_J",
          "mainAudioClip": "J Speech",
          "imageName": "Giraffe",
          "objectName": "jirafa"
        },
        "k": {
          "count": 2,
          "locked": false,
          "letterObjClip": "Letter_image_K",
          "phoneticClip": "Letter_Phonic_K",
          "mainAudioClip": "K Speech",
          "imageName": "Kiwi",
          "objectName": "kiwi"
        },
        "l": {
          "count": 2,
          "locked": false,
          "letterObjClip": "Letter_image_L",
          "phoneticClip": "Letter_Phonic_L",
          "mainAudioClip": "L Speech",
          "imageName": "Pencil",
          "objectName": "lápiz"
        },
        "m": {
          "count": 3,
          "locked": false,
          "letterObjClip": "Letter_image_M",
          "phoneticClip": "Letter_Phonic_M",
          "mainAudioClip": "M Speech",
          "imageName": "Butterfly",
          "objectName": "mariposa"
        },
        "n": {
          "count": 2,
          "locked": false,
          "letterObjClip": "Letter_image_N",
          "phoneticClip": "Letter_Phonic_N",
          "mainAudioClip": "N Speech",
          "imageName": "Cloud",
          "objectName": "nube"
        },
        "o": {
          "count": 3,
          "locked": false,
          "letterObjClip": "Letter_image_O",
          "phoneticClip": "Letter_Phonic_O",
          "mainAudioClip": "O Speech",
          "imageName": "Bear",
          "objectName": "oso"
        },
        "p": {
          "count": 2,
          "locked": false,
          "letterObjClip": "Letter_image_P",
          "phoneticClip": "Letter_Phonic_P",
          "mainAudioClip": "P Speech",
          "imageName": "Duck",
          "objectName": "pato"
        },
        "q": {
          "count": 2,
          "locked": false,
          "letterObjClip": "Letter_image_Q",
          "phoneticClip": "Letter_Phonic_Q",
          "mainAudioClip": "Q Speech",
          "imageName": "Cheese",
          "objectName": "queso"
        },
        "r": {
          "count": 2,
          "locked": false,
          "letterObjClip": "Letter_image_R",
          "phoneticClip": "Letter_Phonic_R",
          "mainAudioClip": "R Speech",
          "imageName": "Frog",
          "objectName": "rana"
        },
        "s": {
          "count": 2,
          "locked": false,
          "letterObjClip": "Letter_image_S",
          "phoneticClip": "Letter_Phonic_S",
          "mainAudioClip": "S Speech",
          "imageName": "Sun",
          "objectName": "sol"
        },
        "special_n": {
          "count": 1,
          "locked": false,
          "letterObjClip": "Letter_image_special_n",
          "phoneticClip": "Letter_Phonic_special_n",
          "mainAudioClip": "special_n Speech",
          "imageName": "Rhea",
          "objectName": "ñandú"
        },
        "t": {
          "count": 2,
          "locked": false,
          "letterObjClip": "Letter_image_T",
          "phoneticClip": "Letter_Phonic_T",
          "mainAudioClip": "T Speech",
          "imageName": "Turtle",
          "objectName": "tortuga"
        },
        "u": {
          "count": 2,
          "locked": false,
          "letterObjClip": "Letter_image_U",
          "phoneticClip": "Letter_Phonic_U",
          "mainAudioClip": "U Speech",
          "imageName": "Grapes",
          "objectName": "uva"
        },
        "v": {
          "count": 1,
          "locked": false,
          "letterObjClip": "Letter_image_V",
          "phoneticClip": "Letter_Phonic_V",
          "mainAudioClip": "V Speech",
          "imageName": "Cow",
          "objectName": "vaca"
        },
        "w": {
          "count": 3,
          "locked": false,
          "letterObjClip": "Letter_image_W",
          "phoneticClip": "Letter_Phonic_W",
          "mainAudioClip": "W Speech",
          "imageName": "Wapiti",
          "objectName": "wapití"
        },
        "x": {
          "count": 2,
          "locked": false,
          "letterObjClip": "Letter_image_X",
          "phoneticClip": "Letter_Phonic_X",
          "mainAudioClip": "X Speech",
          "imageName": "Xylophone",
          "objectName": "xilófono"
        },
        "y": {
          "count": 2,
          "locked": false,
          "letterObjClip": "Letter_image_Y",
          "phoneticClip": "Letter_Phonic_Y",
          "mainAudioClip": "Y Speech",
          "imageName": "Yoyo",
          "objectName": "yoyó"
        },
        "z": {
          "count": 2,
          "locked": false,
          "letterObjClip": "Letter_image_Z",
          "phoneticClip": "Letter_Phonic_Z",
          "mainAudioClip": "Z Speech",
          "imageName": "Carrot",
          "objectName": "zanahoria"
        }
      }
    },
    {
      "Subject": "preschool",
      "SubSubject": "123",
      "LastSubmitted": "3",
      "Played": {
        "1": {
          "count": 1,
          "locked": false,
          "mainAudioClip": "Number_count_last_01"
        },
        "2": {
          "count": 1,
          "locked": false,
          "mainAudioClip": "Number_count_last_02"
        },
        "3": {
          "count": 2,
          "locked": false,
          "mainAudioClip": "Number_count_last_03"
        },
        "4": {
          "count": 1,
          "locked": false,
          "mainAudioClip": "Number_count_last_04"
        },
        "5": {
          "count": 1,
          "locked": false,
          "mainAudioClip": "Number_count_last_05"
        },
        "6": {
          "count": 1,
          "locked": false,
          "mainAudioClip": "Number_count_last_06"
        },
        "7": {
          "count": 1,
          "locked": false,
          "mainAudioClip": "Number_count_last_07"
        },
        "8": {
          "count": 1,
          "locked": false,
          "mainAudioClip": "Number_count_last_08"
        },
        "9": {
          "count": 1,
          "locked": false,
          "mainAudioClip": "Number_count_last_09"
        },
        "10": {
          "count": 1,
          "locked": false,
          "mainAudioClip": "Number_count_last_10"
        },
        "11": {
          "count": 1,
          "locked": false,
          "mainAudioClip": "Number_count_last_11"
        },
        "12": {
          "count": 1,
          "locked": false,
          "mainAudioClip": "Number_count_last_12"
        },
        "13": {
          "count": 1,
          "locked": false,
          "mainAudioClip": "Number_count_last_13"
        },
        "14": {
          "count": 1,
          "locked": false,
          "mainAudioClip": "Number_count_last_14"
        },
        "15": {
          "count": 1,
          "locked": false,
          "mainAudioClip": "Number_count_last_15"
        },
        "16": {
          "count": 1,
          "locked": false,
          "mainAudioClip": "Number_count_last_16"
        },
        "17": {
          "count": 1,
          "locked": false,
          "mainAudioClip": "Number_count_last_17"
        },
        "18": {
          "count": 1,
          "locked": false,
          "mainAudioClip": "Number_count_last_18"
        },
        "19": {
          "count": 1,
          "locked": false,
          "mainAudioClip": "Number_count_last_19"
        },
        "20": {
          "count": 2,
          "locked": false,
          "mainAudioClip": "Number_count_last_20"
        }
      }
    }
  ]
}