{
   "LockedData":{
      "header":"Hallo!",
      "body":"Schließen Sie ein Abonnement ab, um alle Buchstaben und Nummern freizuschalten",
      "footer":"PreSchool_Shop_Outro"
   },
   "Title":"Zeit zum Lernen",
   "LangCode":"de",
   "MascotName":"Duck",
   "Subjects":[
      "ABC",
      "123"
   ],
   "balloonClicked":true,
   "GameData":[
      {
         "Subject":"preschool",
         "SubSubject":"ABC",
         "LastSubmitted":"w",
         "Played":{
            "a":{
               "count":3,
               "locked":false,
               "letterObjClip":"Letter_image_A",
               "phoneticClip":"Letter_Phonic_A",
               "mainAudioClip":"A Speech",
               "imageName":"Monkey",
               "objectName":"affe"
            },
            "b":{
               "count":4,
               "locked":false,
               "letterObjClip":"Letter_image_B",
               "phoneticClip":"Letter_Phonic_B",
               "mainAudioClip":"B Speech",
               "imageName":"Banana",
               "objectName":"banane"
            },
            "c":{
               "count":3,
               "locked":false,
               "letterObjClip":"Letter_image_C",
               "phoneticClip":"Letter_Phonic_C",
               "mainAudioClip":"C Speech",
               "imageName":"Choir",
               "objectName":"chor"
            },
            "d":{
               "count":3,
               "locked":false,
               "letterObjClip":"Letter_image_D",
               "phoneticClip":"Letter_Phonic_D",
               "mainAudioClip":"D Speech",
               "imageName":"Tuesday",
               "objectName":"dienstag"
            },
            "e":{
               "count":2,
               "locked":false,
               "letterObjClip":"Letter_image_E",
               "phoneticClip":"Letter_Phonic_E",
               "mainAudioClip":"E Speech",
               "imageName":"Elephant",
               "objectName":"elefant"
            },
            "f":{
               "count":3,
               "locked":false,
               "letterObjClip":"Letter_image_F",
               "phoneticClip":"Letter_Phonic_F",
               "mainAudioClip":"F Speech",
               "imageName":"Friends",
               "objectName":"freund"
            },
            "g":{
               "count":2,
               "locked":false,
               "letterObjClip":"Letter_image_G",
               "phoneticClip":"Letter_Phonic_G",
               "mainAudioClip":"G Speech",
               "imageName":"Fork",
               "objectName":"gabel"
            },
            "h":{
               "count":3,
               "locked":false,
               "letterObjClip":"Letter_image_H",
               "phoneticClip":"Letter_Phonic_H",
               "mainAudioClip":"H Speech",
               "imageName":"Hotel",
               "objectName":"hotel"
            },
            "i":{
               "count":2,
               "locked":false,
               "letterObjClip":"Letter_image_I",
               "phoneticClip":"Letter_Phonic_I",
               "mainAudioClip":"I Speech",
               "imageName":"Snack",
               "objectName":"imbiss"
            },
            "j":{
               "count":2,
               "locked":false,
               "letterObjClip":"Letter_image_J",
               "phoneticClip":"Letter_Phonic_J",
               "mainAudioClip":"J Speech",
               "imageName":"Year",
               "objectName":"jahr"
            },
            "k":{
               "count":2,
               "locked":false,
               "letterObjClip":"Letter_image_K",
               "phoneticClip":"Letter_Phonic_K",
               "mainAudioClip":"K Speech",
               "imageName":"Cake",
               "objectName":"kuchen"
            },
            "l":{
               "count":1,
               "locked":false,
               "letterObjClip":"Letter_image_L",
               "phoneticClip":"Letter_Phonic_L",
               "mainAudioClip":"L Speech",
               "imageName":"Lion",
               "objectName":"löwe"
            },
            "m":{
               "count":2,
               "locked":false,
               "letterObjClip":"Letter_image_M",
               "phoneticClip":"Letter_Phonic_M",
               "mainAudioClip":"M Speech",
               "imageName":"Mouse",
               "objectName":"maus"
            },
            "n":{
               "count":3,
               "locked":false,
               "letterObjClip":"Letter_image_N",
               "phoneticClip":"Letter_Phonic_N",
               "mainAudioClip":"N Speech",
               "imageName":"Rhinoceros",
               "objectName":"nashorn"
            },
            "o":{
               "count":4,
               "locked":false,
               "letterObjClip":"Letter_image_O",
               "phoneticClip":"Letter_Phonic_O",
               "mainAudioClip":"O Speech",
               "imageName":"Otter",
               "objectName":"otter"
            },
            "p":{
               "count":2,
               "locked":false,
               "letterObjClip":"Letter_image_P",
               "phoneticClip":"Letter_Phonic_P",
               "mainAudioClip":"P Speech",
               "imageName":"Panther",
               "objectName":"panther"
            },
            "q":{
               "count":2,
               "locked":false,
               "letterObjClip":"Letter_image_Q",
               "phoneticClip":"Letter_Phonic_Q",
               "mainAudioClip":"Q Speech",
               "imageName":"Jellyfish",
               "objectName":"qualle"
            },
            "r":{
               "count":2,
               "locked":false,
               "letterObjClip":"Letter_image_R",
               "phoneticClip":"Letter_Phonic_R",
               "mainAudioClip":"R Speech",
               "imageName":"Rice",
               "objectName":"reis"
            },
            "s":{
               "count":2,
               "locked":false,
               "letterObjClip":"Letter_image_S",
               "phoneticClip":"Letter_Phonic_S",
               "mainAudioClip":"S Speech",
               "imageName":"Starfish",
               "objectName":"seestern"
            },
            "t":{
               "count":3,
               "locked":false,
               "letterObjClip":"Letter_image_T",
               "phoneticClip":"Letter_Phonic_T",
               "mainAudioClip":"T Speech",
               "imageName":"Tiger",
               "objectName":"tiger"
            },
            "u":{
               "count":2,
               "locked":false,
               "letterObjClip":"Letter_image_U",
               "phoneticClip":"Letter_Phonic_U",
               "mainAudioClip":"U Speech",
               "imageName":"Ukulele",
               "objectName":"ukulele"
            },
            "v":{
               "count":1,
               "locked":false,
               "letterObjClip":"Letter_image_V",
               "phoneticClip":"Letter_Phonic_V",
               "mainAudioClip":"V Speech",
               "imageName":"Bird",
               "objectName":"vogel"
            },
            "w":{
               "count":3,
               "locked":false,
               "letterObjClip":"Letter_image_W",
               "phoneticClip":"Letter_Phonic_W",
               "mainAudioClip":"W Speech",
               "imageName":"Cheek",
               "objectName":"wangen"
            },
            "x":{
               "count":2,
               "locked":false,
               "letterObjClip":"Letter_image_X",
               "phoneticClip":"Letter_Phonic_X",
               "mainAudioClip":"X Speech",
               "imageName":"Xylophone",
               "objectName":"xylofon"
            },
            "y":{
               "count":2,
               "locked":false,
               "letterObjClip":"Letter_image_Y",
               "phoneticClip":"Letter_Phonic_Y",
               "mainAudioClip":"Y Speech",
               "imageName":"Yoyo",
               "objectName":"yoyo"
            },
            "z":{
               "count":2,
               "locked":false,
               "letterObjClip":"Letter_image_Z",
               "phoneticClip":"Letter_Phonic_Z",
               "mainAudioClip":"Z Speech",
               "imageName":"Lemon",
               "objectName":"zitrone"
            }
         }
      },
      {
         "Subject":"preschool",
         "SubSubject":"123",
         "LastSubmitted":"19",
         "Played":{
            "1":{
               "count":1,
               "locked":false,
               "mainAudioClip":"Number_count_last_01"
            },
            "10":{
               "count":0,
               "locked":false,
               "mainAudioClip":"Number_count_last_10"
            },
            "11":{
               "count":0,
               "locked":false,
               "mainAudioClip":"Number_count_last_11"
            },
            "12":{
               "count":0,
               "locked":false,
               "mainAudioClip":"Number_count_last_12"
            },
            "13":{
               "count":0,
               "locked":false,
               "mainAudioClip":"Number_count_last_13"
            },
            "14":{
               "count":0,
               "locked":false,
               "mainAudioClip":"Number_count_last_14"
            },
            "15":{
               "count":1,
               "locked":false,
               "mainAudioClip":"Number_count_last_15"
            },
            "16":{
               "count":1,
               "locked":false,
               "mainAudioClip":"Number_count_last_16"
            },
            "17":{
               "count":0,
               "locked":false,
               "mainAudioClip":"Number_count_last_17"
            },
            "18":{
               "count":0,
               "locked":false,
               "mainAudioClip":"Number_count_last_18"
            },
            "19":{
               "count":1,
               "locked":false,
               "mainAudioClip":"Number_count_last_19"
            },
            "2":{
               "count":1,
               "locked":false,
               "mainAudioClip":"Number_count_last_02"
            },
            "20":{
               "count":1,
               "locked":false,
               "mainAudioClip":"Number_count_last_20"
            },
            "3":{
               "count":0,
               "locked":false,
               "mainAudioClip":"Number_count_last_03"
            },
            "4":{
               "count":0,
               "locked":false,
               "mainAudioClip":"Number_count_last_04"
            },
            "5":{
               "count":0,
               "locked":false,
               "mainAudioClip":"Number_count_last_05"
            },
            "6":{
               "count":0,
               "locked":false,
               "mainAudioClip":"Number_count_last_06"
            },
            "7":{
               "count":0,
               "locked":false,
               "mainAudioClip":"Number_count_last_07"
            },
            "8":{
               "count":0,
               "locked":false,
               "mainAudioClip":"Number_count_last_08"
            },
            "9":{
               "count":0,
               "locked":false,
               "mainAudioClip":"Number_count_last_09"
            }
         }
      }
   ]
}