{"LockedData":{"header":"Olá!","body":"Assine para desbloquear todas as letras e números","footer":"PreSchool_Shop_Outro"},"Title":"É hora de aprender","LangCode":"pt_br","MascotName":"Duck","Subjects":["ABC","123"],"balloonClicked":true,"GameData":[{"Subject":"preschool","SubSubject":"ABC","LastSubmitted":"","Played":{"a":{"count":0,"locked":false,"letterObjClip":"Letter_image_A","phoneticClip":"Letter_Phonic_A","mainAudioClip":"A Speech","imageName":"Friends","objectName":"amigo"},"b":{"count":0,"locked":false,"letterObjClip":"Letter_image_B","phoneticClip":"Letter_Phonic_B","mainAudioClip":"B Speech","imageName":"Ball","objectName":"bola"},"c":{"count":0,"locked":true,"letterObjClip":"Letter_image_C","phoneticClip":"Letter_Phonic_C","mainAudioClip":"C Speech","imageName":"Dog","objectName":"cão"},"d":{"count":0,"locked":true,"letterObjClip":"Letter_image_D","phoneticClip":"Letter_Phonic_D","mainAudioClip":"D Speech","imageName":"Give_away","objectName":"dado"},"e":{"count":0,"locked":true,"letterObjClip":"Letter_image_E","phoneticClip":"Letter_Phonic_E","mainAudioClip":"E Speech","imageName":"Elephant","objectName":"elefante"},"f":{"count":0,"locked":true,"letterObjClip":"Letter_image_F","phoneticClip":"Letter_Phonic_F","mainAudioClip":"F Speech","imageName":"Seal","objectName":"foca"},"g":{"count":0,"locked":true,"letterObjClip":"Letter_image_G","phoneticClip":"Letter_Phonic_G","mainAudioClip":"G Speech","imageName":"Giraffe","objectName":"girafa"},"h":{"count":0,"locked":true,"letterObjClip":"Letter_image_H","phoneticClip":"Letter_Phonic_H","mainAudioClip":"H Speech","imageName":"Hippo","objectName":"hipopótamo"},"i":{"count":0,"locked":true,"letterObjClip":"Letter_image_I","phoneticClip":"Letter_Phonic_I","mainAudioClip":"I Speech","imageName":"Island","objectName":"ilha"},"j":{"count":0,"locked":true,"letterObjClip":"Letter_image_J","phoneticClip":"Letter_Phonic_J","mainAudioClip":"J Speech","imageName":"Pitcher","objectName":"jarro"},"k":{"count":0,"locked":true,"letterObjClip":"Letter_image_K","phoneticClip":"Letter_Phonic_K","mainAudioClip":"K Speech","imageName":"Kiwi","objectName":"kiwi"},"l":{"count":0,"locked":true,"letterObjClip":"Letter_image_L","phoneticClip":"Letter_Phonic_L","mainAudioClip":"L Speech","imageName":"Lamp","objectName":"lâmpada"},"m":{"count":0,"locked":true,"letterObjClip":"Letter_image_M","phoneticClip":"Letter_Phonic_M","mainAudioClip":"M Speech","imageName":"Table","objectName":"mesa"},"n":{"count":0,"locked":true,"letterObjClip":"Letter_image_N","phoneticClip":"Letter_Phonic_N","mainAudioClip":"N Speech","imageName":"Nose","objectName":"nariz"},"o":{"count":0,"locked":true,"letterObjClip":"Letter_image_O","phoneticClip":"Letter_Phonic_O","mainAudioClip":"O Speech","imageName":"Ear","objectName":"orelha"},"p":{"count":0,"locked":true,"letterObjClip":"Letter_image_P","phoneticClip":"Letter_Phonic_P","mainAudioClip":"P Speech","imageName":"Parrot","objectName":"papagaio"},"q":{"count":0,"locked":true,"letterObjClip":"Letter_image_Q","phoneticClip":"Letter_Phonic_Q","mainAudioClip":"Q Speech","imageName":"Yard","objectName":"quintal"},"r":{"count":0,"locked":true,"letterObjClip":"Letter_image_R","phoneticClip":"Letter_Phonic_R","mainAudioClip":"R Speech","imageName":"Mouse","objectName":"rato"},"s":{"count":0,"locked":true,"letterObjClip":"Letter_image_S","phoneticClip":"Letter_Phonic_S","mainAudioClip":"S Speech","imageName":"Sun","objectName":"sol"},"t":{"count":0,"locked":true,"letterObjClip":"Letter_image_T","phoneticClip":"Letter_Phonic_T","mainAudioClip":"T Speech","imageName":"Tomato","objectName":"tomate"},"u":{"count":0,"locked":true,"letterObjClip":"Letter_image_U","phoneticClip":"Letter_Phonic_U","mainAudioClip":"U Speech","imageName":"Grapes","objectName":"uva"},"v":{"count":0,"locked":true,"letterObjClip":"Letter_image_V","phoneticClip":"Letter_Phonic_V","mainAudioClip":"V Speech","imageName":"Cow","objectName":"vaca"},"w":{"count":0,"locked":true,"letterObjClip":"Letter_image_W","phoneticClip":"Letter_Phonic_W","mainAudioClip":"W Speech","imageName":"Wafer","objectName":"wafer"},"x":{"count":0,"locked":true,"letterObjClip":"Letter_image_X","phoneticClip":"Letter_Phonic_X","mainAudioClip":"X Speech","imageName":"Xylophone","objectName":"xilofone"},"y":{"count":0,"locked":true,"letterObjClip":"Letter_image_Y","phoneticClip":"Letter_Phonic_Y","mainAudioClip":"Y Speech","imageName":"Yakisoba","objectName":"yakisoba"},"z":{"count":0,"locked":true,"letterObjClip":"Letter_image_Z","phoneticClip":"Letter_Phonic_Z","mainAudioClip":"Z Speech","imageName":"Zebra","objectName":"zebra"}}},{"Subject":"preschool","SubSubject":"123","LastSubmitted":"","Played":{"1":{"count":0,"locked":false,"mainAudioClip":"Number_count_last_01"},"10":{"count":0,"locked":true,"mainAudioClip":"Number_count_last_10"},"11":{"count":0,"locked":true,"mainAudioClip":"Number_count_last_11"},"12":{"count":0,"locked":true,"mainAudioClip":"Number_count_last_12"},"13":{"count":0,"locked":true,"mainAudioClip":"Number_count_last_13"},"14":{"count":0,"locked":true,"mainAudioClip":"Number_count_last_14"},"15":{"count":0,"locked":true,"mainAudioClip":"Number_count_last_15"},"16":{"count":0,"locked":true,"mainAudioClip":"Number_count_last_16"},"17":{"count":0,"locked":true,"mainAudioClip":"Number_count_last_17"},"18":{"count":0,"locked":true,"mainAudioClip":"Number_count_last_18"},"19":{"count":0,"locked":true,"mainAudioClip":"Number_count_last_19"},"2":{"count":0,"locked":false,"mainAudioClip":"Number_count_last_02"},"20":{"count":0,"locked":true,"mainAudioClip":"Number_count_last_20"},"3":{"count":0,"locked":true,"mainAudioClip":"Number_count_last_03"},"4":{"count":0,"locked":true,"mainAudioClip":"Number_count_last_04"},"5":{"count":0,"locked":true,"mainAudioClip":"Number_count_last_05"},"6":{"count":0,"locked":true,"mainAudioClip":"Number_count_last_06"},"7":{"count":0,"locked":true,"mainAudioClip":"Number_count_last_07"},"8":{"count":0,"locked":true,"mainAudioClip":"Number_count_last_08"},"9":{"count":0,"locked":true,"mainAudioClip":"Number_count_last_09"}}}]}